id,organization_id,kpi_id,unit_id,target,green_threshold,amber_threshold,effective_from,effective_to
624b38d8-b5d2-5cc9-b6e1-23ebca3865c5,6146dc2e-9f7e-592f-8724-32cde8555443,16bac729-eb67-5c12-9228-93e592446ac8,,95.0,95.0,90.0,2026-01-01,
a421319f-3029-5b81-9223-4bfc630b2f9e,6146dc2e-9f7e-592f-8724-32cde8555443,d281230e-5471-5521-91a9-4cfd3cb134fa,,97.0,97.0,94.0,2026-01-01,
c9c0d5c8-8712-5d11-82ce-4956496b43fb,6146dc2e-9f7e-592f-8724-32cde8555443,898f3c0b-3c61-51b8-9fe4-189d89f25a0c,,6.0,6.0,5.5,2026-01-01,
840ac02c-efc7-5939-9750-199ab270f792,6146dc2e-9f7e-592f-8724-32cde8555443,e19ea556-087b-53fc-b07c-2bcc70ac56d0,,12.0,12.0,13.5,2026-01-01,
7605950c-7130-5630-8389-fe8c17aa14b6,6146dc2e-9f7e-592f-8724-32cde8555443,4eba9b4c-1036-5f57-8c92-c3199b77b009,,85.0,85.0,80.0,2026-01-01,
9d1e98af-2a84-50cf-9af0-1fe300588a48,6146dc2e-9f7e-592f-8724-32cde8555443,4819d0e0-9f87-5f94-9e65-069f4c6a13c8,,75.0,75.0,70.0,2026-01-01,
51a986dd-740c-5f81-8afd-0be37ab5f5ae,6146dc2e-9f7e-592f-8724-32cde8555443,5d07d2f8-4653-52f0-b01c-809561b10dff,,1.0,1.0,1.5,2026-01-01,
a8ccdca9-17a3-5fe5-b2fe-3d62e686a2a3,6146dc2e-9f7e-592f-8724-32cde8555443,1d11bad7-80c1-52ee-9f79-10edc8285a15,,3.0,3.0,4.5,2026-01-01,
b01b8446-11d8-5c03-9587-a7867b8b4571,6146dc2e-9f7e-592f-8724-32cde8555443,2d15804f-72e7-5fcc-b8c2-4437895639e6,,85.0,85.0,92.0,2026-01-01,
676436b2-497d-52d9-a5bd-e733a7d1a781,6146dc2e-9f7e-592f-8724-32cde8555443,16bac729-eb67-5c12-9228-93e592446ac8,990586e7-e2c1-57dd-8fb9-3b03623b653c,97.0,97.0,93.0,2026-01-01,
