id,organization_id,code,name,description,unit,calc_type,numerator_label,denominator_label,multiplier,direction,frequency,aggregation,decimals,owner_user_id,is_active
16bac729-eb67-5c12-9228-93e592446ac8,6146dc2e-9f7e-592f-8724-32cde8555443,SLA,Service Level (SLA),Share of requests completed within the agreed service level.,percent,ratio,Requests within SLA,Total requests,100,higher_better,daily,ratio_of_sums,1,730c4c85-060d-554b-b0eb-4f4c8e8103f4,1
d281230e-5471-5521-91a9-4cfd3cb134fa,6146dc2e-9f7e-592f-8724-32cde8555443,QUALITY,Quality Score,Audit points achieved as a share of points possible.,percent,ratio,Audit points achieved,Audit points possible,100,higher_better,daily,ratio_of_sums,1,730c4c85-060d-554b-b0eb-4f4c8e8103f4,1
898f3c0b-3c61-51b8-9fe4-189d89f25a0c,6146dc2e-9f7e-592f-8724-32cde8555443,PRODUCTIVITY,Productivity,Transactions completed per productive hour.,ratio,ratio,Transactions completed,Productive hours,1,higher_better,daily,ratio_of_sums,2,730c4c85-060d-554b-b0eb-4f4c8e8103f4,1
e19ea556-087b-53fc-b07c-2bcc70ac56d0,6146dc2e-9f7e-592f-8724-32cde8555443,AHT,Average Handle Time,Average minutes spent handling one contact.,minutes,ratio,Total handle minutes,Contacts handled,1,lower_better,daily,ratio_of_sums,1,730c4c85-060d-554b-b0eb-4f4c8e8103f4,1
4eba9b4c-1036-5f57-8c92-c3199b77b009,6146dc2e-9f7e-592f-8724-32cde8555443,CSAT,Customer Satisfaction (CSAT),Satisfied survey responses as a share of all responses.,percent,ratio,Satisfied responses,Survey responses,100,higher_better,daily,ratio_of_sums,1,730c4c85-060d-554b-b0eb-4f4c8e8103f4,1
4819d0e0-9f87-5f94-9e65-069f4c6a13c8,6146dc2e-9f7e-592f-8724-32cde8555443,FCR,First Contact Resolution,Contacts resolved without a repeat contact.,percent,ratio,Resolved on first contact,Contacts,100,higher_better,daily,ratio_of_sums,1,730c4c85-060d-554b-b0eb-4f4c8e8103f4,1
5d07d2f8-4653-52f0-b01c-809561b10dff,6146dc2e-9f7e-592f-8724-32cde8555443,BACKLOG,Backlog (days of work),Open items at end of day divided by daily incoming volume.,ratio,ratio,Open items (end of day),Incoming volume,1,lower_better,daily,ratio_of_sums,2,730c4c85-060d-554b-b0eb-4f4c8e8103f4,1
1d11bad7-80c1-52ee-9f79-10edc8285a15,6146dc2e-9f7e-592f-8724-32cde8555443,ATTRITION,Monthly Attrition,Leavers as a share of average headcount in the month.,percent,ratio,Leavers,Average headcount,100,lower_better,monthly,ratio_of_sums,1,730c4c85-060d-554b-b0eb-4f4c8e8103f4,1
2d15804f-72e7-5fcc-b8c2-4437895639e6,6146dc2e-9f7e-592f-8724-32cde8555443,COST,Cost per Transaction,Total operating cost divided by transactions completed (INR).,currency,ratio,Operating cost (INR),Transactions completed,1,lower_better,monthly,ratio_of_sums,1,730c4c85-060d-554b-b0eb-4f4c8e8103f4,1
