id,organization_id,kpi_id,unit_id,weight,effective_from,effective_to
f9fbece2-2bf7-59a3-a63b-3c12b6272470,6146dc2e-9f7e-592f-8724-32cde8555443,16bac729-eb67-5c12-9228-93e592446ac8,eadf35c9-d681-56b2-9f10-bf3f0f0eb143,25,2026-01-01,
d4cc7482-c2cc-59a3-baef-d1ed81e9af34,6146dc2e-9f7e-592f-8724-32cde8555443,d281230e-5471-5521-91a9-4cfd3cb134fa,eadf35c9-d681-56b2-9f10-bf3f0f0eb143,20,2026-01-01,
1b842b17-cc0a-549f-be28-8403db0f1951,6146dc2e-9f7e-592f-8724-32cde8555443,e19ea556-087b-53fc-b07c-2bcc70ac56d0,eadf35c9-d681-56b2-9f10-bf3f0f0eb143,10,2026-01-01,
6301f2bb-d447-597a-8f49-1572d32b2024,6146dc2e-9f7e-592f-8724-32cde8555443,4eba9b4c-1036-5f57-8c92-c3199b77b009,eadf35c9-d681-56b2-9f10-bf3f0f0eb143,15,2026-01-01,
4c363327-85c9-5ea3-a9e4-dc15405ab1d3,6146dc2e-9f7e-592f-8724-32cde8555443,4819d0e0-9f87-5f94-9e65-069f4c6a13c8,eadf35c9-d681-56b2-9f10-bf3f0f0eb143,10,2026-01-01,
06898c1d-1ac6-52b0-96e7-6f6138122c9a,6146dc2e-9f7e-592f-8724-32cde8555443,898f3c0b-3c61-51b8-9fe4-189d89f25a0c,eadf35c9-d681-56b2-9f10-bf3f0f0eb143,10,2026-01-01,
1ddd0783-9110-53b5-8ce2-9c0141164bdc,6146dc2e-9f7e-592f-8724-32cde8555443,1d11bad7-80c1-52ee-9f79-10edc8285a15,eadf35c9-d681-56b2-9f10-bf3f0f0eb143,5,2026-01-01,
ba0bf988-2070-5573-918e-2cbea5f064a4,6146dc2e-9f7e-592f-8724-32cde8555443,2d15804f-72e7-5fcc-b8c2-4437895639e6,eadf35c9-d681-56b2-9f10-bf3f0f0eb143,5,2026-01-01,
483b32d3-de48-5308-9bef-2c402ded75f0,6146dc2e-9f7e-592f-8724-32cde8555443,16bac729-eb67-5c12-9228-93e592446ac8,9c794a53-ceb4-5a71-9b68-cb87dd638dd8,25,2026-01-01,
0f2e289b-0704-5936-9a81-f386713159d2,6146dc2e-9f7e-592f-8724-32cde8555443,d281230e-5471-5521-91a9-4cfd3cb134fa,9c794a53-ceb4-5a71-9b68-cb87dd638dd8,20,2026-01-01,
e344a2b2-1010-5dfb-992b-89da6d231bc9,6146dc2e-9f7e-592f-8724-32cde8555443,e19ea556-087b-53fc-b07c-2bcc70ac56d0,9c794a53-ceb4-5a71-9b68-cb87dd638dd8,10,2026-01-01,
4f7698ff-44b7-5291-80c8-8fffa8af297d,6146dc2e-9f7e-592f-8724-32cde8555443,898f3c0b-3c61-51b8-9fe4-189d89f25a0c,9c794a53-ceb4-5a71-9b68-cb87dd638dd8,10,2026-01-01,
ccb7ba0c-8bc3-5663-a0e2-1ed7d196de80,6146dc2e-9f7e-592f-8724-32cde8555443,5d07d2f8-4653-52f0-b01c-809561b10dff,9c794a53-ceb4-5a71-9b68-cb87dd638dd8,10,2026-01-01,
c02b238a-beb6-57b4-8552-17d42b67b566,6146dc2e-9f7e-592f-8724-32cde8555443,1d11bad7-80c1-52ee-9f79-10edc8285a15,9c794a53-ceb4-5a71-9b68-cb87dd638dd8,5,2026-01-01,
2c51267a-9343-5ad3-8993-69993f72f779,6146dc2e-9f7e-592f-8724-32cde8555443,2d15804f-72e7-5fcc-b8c2-4437895639e6,9c794a53-ceb4-5a71-9b68-cb87dd638dd8,5,2026-01-01,
819b763c-7314-5020-8786-88282a7cc20f,6146dc2e-9f7e-592f-8724-32cde8555443,16bac729-eb67-5c12-9228-93e592446ac8,b307ad6f-3cbc-5ddc-b7e0-74712309340f,25,2026-01-01,
6050ad49-9115-5724-8ac7-54a8db17e02c,6146dc2e-9f7e-592f-8724-32cde8555443,d281230e-5471-5521-91a9-4cfd3cb134fa,b307ad6f-3cbc-5ddc-b7e0-74712309340f,20,2026-01-01,
00fbc044-7fea-5309-9280-a0956e91f264,6146dc2e-9f7e-592f-8724-32cde8555443,898f3c0b-3c61-51b8-9fe4-189d89f25a0c,b307ad6f-3cbc-5ddc-b7e0-74712309340f,10,2026-01-01,
cfbeae2e-b192-5855-8b51-84041f10f7bc,6146dc2e-9f7e-592f-8724-32cde8555443,5d07d2f8-4653-52f0-b01c-809561b10dff,b307ad6f-3cbc-5ddc-b7e0-74712309340f,10,2026-01-01,
cbfb2bb6-0b29-5a73-91c3-2c1a350d4963,6146dc2e-9f7e-592f-8724-32cde8555443,4eba9b4c-1036-5f57-8c92-c3199b77b009,b307ad6f-3cbc-5ddc-b7e0-74712309340f,15,2026-01-01,
d4aea86b-e208-5bd1-9ee2-200f056b890f,6146dc2e-9f7e-592f-8724-32cde8555443,1d11bad7-80c1-52ee-9f79-10edc8285a15,b307ad6f-3cbc-5ddc-b7e0-74712309340f,5,2026-01-01,
fc1c567e-7509-5f89-b5a3-1dc0bfe5571f,6146dc2e-9f7e-592f-8724-32cde8555443,2d15804f-72e7-5fcc-b8c2-4437895639e6,b307ad6f-3cbc-5ddc-b7e0-74712309340f,5,2026-01-01,
b24a34c2-309d-53f5-8605-09962756e710,6146dc2e-9f7e-592f-8724-32cde8555443,16bac729-eb67-5c12-9228-93e592446ac8,990586e7-e2c1-57dd-8fb9-3b03623b653c,25,2026-01-01,
11cfa5a3-3579-56fd-aa85-3f72993a0948,6146dc2e-9f7e-592f-8724-32cde8555443,d281230e-5471-5521-91a9-4cfd3cb134fa,990586e7-e2c1-57dd-8fb9-3b03623b653c,20,2026-01-01,
109f3e52-1890-59e0-82f3-f51320428642,6146dc2e-9f7e-592f-8724-32cde8555443,898f3c0b-3c61-51b8-9fe4-189d89f25a0c,990586e7-e2c1-57dd-8fb9-3b03623b653c,10,2026-01-01,
599d306e-6687-5936-b0ea-9ee0c00c7e07,6146dc2e-9f7e-592f-8724-32cde8555443,5d07d2f8-4653-52f0-b01c-809561b10dff,990586e7-e2c1-57dd-8fb9-3b03623b653c,10,2026-01-01,
442777eb-cff3-5437-926f-6f74673eab84,6146dc2e-9f7e-592f-8724-32cde8555443,1d11bad7-80c1-52ee-9f79-10edc8285a15,990586e7-e2c1-57dd-8fb9-3b03623b653c,5,2026-01-01,
adc3ec8d-8b1a-5183-9376-f49ff4ddb65c,6146dc2e-9f7e-592f-8724-32cde8555443,2d15804f-72e7-5fcc-b8c2-4437895639e6,990586e7-e2c1-57dd-8fb9-3b03623b653c,5,2026-01-01,
21186993-5e4b-5d5b-a9c3-64733da19cab,6146dc2e-9f7e-592f-8724-32cde8555443,16bac729-eb67-5c12-9228-93e592446ac8,4d54bc71-357a-5d10-91de-a4751769f743,25,2026-01-01,
d8f490e1-9e43-5e06-9cf7-29897eeac4e9,6146dc2e-9f7e-592f-8724-32cde8555443,d281230e-5471-5521-91a9-4cfd3cb134fa,4d54bc71-357a-5d10-91de-a4751769f743,20,2026-01-01,
53b18cdc-1655-5d22-a863-4371374c159b,6146dc2e-9f7e-592f-8724-32cde8555443,e19ea556-087b-53fc-b07c-2bcc70ac56d0,4d54bc71-357a-5d10-91de-a4751769f743,10,2026-01-01,
d98430fd-cc43-5b12-9baa-149516f9d8a5,6146dc2e-9f7e-592f-8724-32cde8555443,4eba9b4c-1036-5f57-8c92-c3199b77b009,4d54bc71-357a-5d10-91de-a4751769f743,15,2026-01-01,
f0f31b0b-3c5f-55c7-b2d8-4cf7dacb19fd,6146dc2e-9f7e-592f-8724-32cde8555443,4819d0e0-9f87-5f94-9e65-069f4c6a13c8,4d54bc71-357a-5d10-91de-a4751769f743,10,2026-01-01,
588559c4-b2e5-55ca-8ef2-afaadabea6f4,6146dc2e-9f7e-592f-8724-32cde8555443,1d11bad7-80c1-52ee-9f79-10edc8285a15,4d54bc71-357a-5d10-91de-a4751769f743,5,2026-01-01,
35afaad8-2a53-55d3-8038-1c9b20b986f9,6146dc2e-9f7e-592f-8724-32cde8555443,2d15804f-72e7-5fcc-b8c2-4437895639e6,4d54bc71-357a-5d10-91de-a4751769f743,5,2026-01-01,
